CloudCompare/CloudCompare	NOASSERTION	Other	license.txt
FalkorDB/FalkorDB	NOASSERTION	Other	LICENSE
OSGeo/gdal	NOASSERTION	Other	LICENSE.TXT
openscad/openscad	NOASSERTION	Other	COPYING
OpenTTD/OpenTTD	NOASSERTION	Other	COPYING.md
PDAL/PDAL	NOASSERTION	Other	LICENSE.txt
WorldPixelMap/android-gods-eye-view	NOASSERTION	Other	LICENSE
bilawalsidhu/gods-eye-view	NOASSERTION	Other	LICENSE
colmap/colmap	NOASSERTION	Other	LICENSE
frida/frida	NOASSERTION	Other	COPYING
graphdeco-inria/gaussian-splatting	NOASSERTION	Other	LICENSE.md
mapbox/mapbox-gl-js	NOASSERTION	Other	LICENSE.txt
maplibre/maplibre-gl-js	NOASSERTION	Other	LICENSE.txt
modelcontextprotocol/modelcontextprotocol	NOASSERTION	Other	LICENSE
opendatalab/MinerU	NOASSERTION	Other	LICENSE.md
organicmaps/organicmaps	NOASSERTION	Other	LICENSE
OSGeo/PROJ	NOASSERTION	Other	COPYING
osmandapp/OsmAnd	NOASSERTION	Other	LICENSE
potree/potree	NOASSERTION	Other	LICENSE
protomaps/PMTiles	NOASSERTION	Other	LICENSE
sqlite/sqlite	NOASSERTION	Other	LICENSE.md
tldraw/tldraw	NOASSERTION	Other	LICENSE.md
valhalla/valhalla	NOASSERTION	Other	LICENSE.md
x64dbg/x64dbg	NOASSERTION	Other	LICENSE
yjs/yjs	NOASSERTION	Other	LICENSE
zed-industries/zed	NOASSERTION	Other	LICENSE-APACHE
