OpenHands/OpenHands	90275	MIT	2026-10-08	false	TypeScript
CesiumGS/cesium	15811	Apache-2.0	2026-10-08	false	JavaScript
CloudCompare/CloudCompare	4788	NOASSERTION	2026-10-08	false	C++
Crosstalk-Solutions/project-nomad	39287	Apache-2.0	2026-10-07	false	TypeScript
EbookFoundation/free-programming-books	398700	CC-BY-4.0	2026-10-05	false	Python
FalkorDB/FalkorDB	7967	NOASSERTION	2026-10-08	false	Rust
FreeCAD/FreeCAD	34025	LGPL-2.1	2026-10-08	false	C++
IfcOpenShell/IfcOpenShell	2841	LGPL-3.0	2026-10-08	false	C++
JuliaDynamics/Agents.jl	919	MIT	2026-09-15	false	Julia
Kc1t/alethe-agents	832	AGPL-3.0	2026-10-07	false	TypeScript
LadybugDB/bugscope-tauri	18	NONE	2026-09-24	false	TypeScript
LadybugDB/ladybug	1825	MIT	2026-10-08	false	C++
LinuxCNC/linuxcnc	2484	GPL-2.0	2026-10-07	false	Python
NationalSecurityAgency/ghidra	81650	Apache-2.0	2026-10-08	false	Java
OSGeo/gdal	6087	NOASSERTION	2026-10-08	false	C++
OpenDroneMap/ODM	6509	AGPL-3.0	2026-09-16	false	Python
WebODM/WebODM	4205	AGPL-3.0	2026-10-06	false	Python
OpenMW/openmw	6609	GPL-3.0	2026-10-07	false	C++
OpenRCT2/OpenRCT2	16397	GPL-3.0	2026-10-07	false	C++
openscad/openscad	10392	NOASSERTION	2026-10-08	false	C++
OpenTTD/OpenTTD	8345	NOASSERTION	2026-10-08	false	C++
PDAL/PDAL	1422	NOASSERTION	2026-10-07	false	C++
PaddlePaddle/PaddleOCR	90775	Apache-2.0	2026-09-16	false	Python
Project-OSRM/osrm-backend	8126	BSD-2-Clause	2026-10-07	false	C++
ThatOpen/engine_components	710	MIT	2026-10-06	false	TypeScript
ThatOpen/engine_web-ifc	1057	MPL-2.0	2026-10-08	false	TypeScript
Unstructured-IO/unstructured	15548	Apache-2.0	2026-10-08	false	HTML
datalab-to/marker	40265	Apache-2.0	2026-10-02	false	Python
WorldPixelMap/android-gods-eye-view	38	NOASSERTION	2026-09-10	false	JavaScript
a2aproject/A2A	26073	Apache-2.0	2026-10-08	false	Shell
aaif-goose/goose	55067	Apache-2.0	2026-10-08	false	Rust
adewaskar/jarvis	412	MIT	2026-08-05	false	TypeScript
angr/angr	9131	BSD-2-Clause	2026-10-08	false	Python
apache/arrow	17188	Apache-2.0	2026-10-08	false	C++
apache/tika	4091	Apache-2.0	2026-10-07	false	Java
asg017/sqlite-vec	8170	Apache-2.0	2026-05-18	false	C
automerge/automerge	6650	MIT	2026-10-08	false	JavaScript
bilawalsidhu/gods-eye-view	49027	NOASSERTION	2026-10-07	false	JavaScript
aaif-goose/goose	55067	Apache-2.0	2026-10-08	false	Rust
bytecodealliance/wasmtime	18698	Apache-2.0	2026-10-07	false	Rust
colmap/colmap	12874	NOASSERTION	2026-10-08	false	C++
danielbrendel/hortusfox-web	1680	MIT	2026-10-05	false	PHP
docling-project/docling	68537	MIT	2026-10-08	false	Python
duckdb/duckdb	41982	MIT	2026-10-08	false	C++
duckdb/duckdb-spatial	714	MIT	2026-10-01	false	C
excalidraw/excalidraw	133685	MIT	2026-10-08	false	TypeScript
extism/extism	5789	BSD-3-Clause	2026-09-02	false	Rust
freeciv/freeciv	1602	GPL-2.0	2026-10-08	false	C
frida/frida	22146	NOASSERTION	2026-10-08	false	Meson
getodk/central	228	Apache-2.0	2026-10-07	false	JavaScript
getzep/graphiti	31553	Apache-2.0	2026-10-07	false	Python
ggml-org/llama.cpp	130687	MIT	2026-10-08	false	C++
godotengine/godot	118272	MIT	2026-10-07	false	C++
graphdeco-inria/gaussian-splatting	24137	NOASSERTION	2025-10-17	false	Python
kiwix/kiwix-tools	961	GPL-3.0	2026-10-01	false	C++
kobotoolbox/kpi	185	AGPL-3.0	2026-10-08	false	Python
learningequality/kolibri	1136	MIT	2026-10-07	false	Python
libgeos/geos	1513	LGPL-2.1	2026-10-05	false	C++
mapbox/mapbox-gl-js	12437	NOASSERTION	2026-10-08	false	TypeScript
maplibre/maplibre-gl-js	11825	NOASSERTION	2026-10-08	false	TypeScript
maplibre/martin	3983	Apache-2.0	2026-10-08	false	Rust
mesa/mesa	3877	Apache-2.0	2026-10-06	false	Python
mindee/doctr	6381	Apache-2.0	2026-10-07	false	Python
mkkellogg/GaussianSplats3D	2904	MIT	2025-10-19	false	JavaScript
modelcontextprotocol/modelcontextprotocol	9406	NOASSERTION	2026-10-08	false	TypeScript
moj-analytical-services/splink	2462	MIT	2026-10-06	false	Python
mrdoob/three.js	116356	MIT	2026-10-08	false	JavaScript
neo4j/neo4j	17284	GPL-3.0	2026-09-22	false	Java
nerfstudio-project/nerfstudio	12053	Apache-2.0	2025-07-29	false	Python
ocrmypdf/OCRmyPDF	34960	MPL-2.0	2026-10-07	false	Python
ollama/ollama	182569	MIT	2026-10-08	false	Go
openclaw/openclaw	391640	MIT	2026-10-08	false	TypeScript
opendatalab/MinerU	81295	NOASSERTION	2026-10-06	false	Python
opengeos/GeoLibre	7871	MIT	2026-10-08	false	TypeScript
openzim/zim-tools	221	GPL-3.0	2026-10-04	false	C++
organicmaps/organicmaps	15613	NOASSERTION	2026-10-08	false	C++
OSGeo/PROJ	2030	NOASSERTION	2026-10-08	false	C++
osm-search/Nominatim	4512	GPL-3.0	2026-09-30	false	Python
osmandapp/OsmAnd	6062	NOASSERTION	2026-10-08	false	Java
pola-rs/polars	40008	MIT	2026-10-08	false	Rust
potree/potree	5632	NOASSERTION	2026-01-08	false	JavaScript
mesa/mesa	3877	Apache-2.0	2026-10-06	false	Python
protomaps/PMTiles	3074	NOASSERTION	2026-09-16	false	TypeScript
qgis/QGIS	14483	GPL-2.0	2026-10-08	false	C++
rizinorg/cutter	19942	GPL-3.0	2026-09-11	false	C++
rizinorg/rizin	3942	LGPL-3.0	2026-10-08	false	C
skylot/jadx	50780	Apache-2.0	2026-10-07	false	Java
sqlite/sqlite	10620	NOASSERTION	2026-10-08	false	C
syncthing/syncthing	89219	MPL-2.0	2026-10-08	false	Go
tauri-apps/tauri	111674	Apache-2.0	2026-10-08	false	Rust
tesseract-ocr/tesseract	76861	Apache-2.0	2026-10-08	false	C++
tldraw/tldraw	50814	NOASSERTION	2026-10-07	false	TypeScript
valhalla/valhalla	6292	NOASSERTION	2026-10-08	false	C++
visgl/deck.gl	14636	MIT	2026-10-07	false	TypeScript
x64dbg/x64dbg	49739	NOASSERTION	2026-10-01	false	C++
xeokit/xeokit-sdk	944	AGPL-3.0	2026-10-05	false	HTML
yjs/yjs	22910	NOASSERTION	2026-10-07	false	JavaScript
agentclientprotocol/agent-client-protocol	4391	Apache-2.0	2026-10-08	false	Rust
zed-industries/zed	91449	NOASSERTION	2026-10-08	false	Rust
