filename,category_key,target_subfolder,relative_path,extension,size_bytes,size_kb,sha256
00 - Cartouche et Nomenclature.pdf,dce_st_nicolas,01_dce_marches_publics/saint_nicolas_de_la_grave,documents_sources/01_dce_marches_publics/saint_nicolas_de_la_grave/00 - Cartouche et Nomenclature.pdf,.pdf,123402,120.51,d97d436541b666abbb7ac5b2fd8d424120098202dbec023279d0ea742630aef6
02 - Plan de situation.pdf,dce_st_nicolas,01_dce_marches_publics/saint_nicolas_de_la_grave,documents_sources/01_dce_marches_publics/saint_nicolas_de_la_grave/02 - Plan de situation.pdf,.pdf,967168,944.5,045dc92853a3caee16ab2fa1d236cf6956d72edc3f065f093951a0f1cb6eaa3b
03 - Acte d'engagement.pdf,dce_st_nicolas,01_dce_marches_publics/saint_nicolas_de_la_grave,documents_sources/01_dce_marches_publics/saint_nicolas_de_la_grave/03 - Acte d'engagement.pdf,.pdf,31987,31.24,8a826229124c2b077d4d0187f946f922d475f9cf76af7fa3293393361c2933fc
04 - CCAP.pdf,dce_st_nicolas,01_dce_marches_publics/saint_nicolas_de_la_grave,documents_sources/01_dce_marches_publics/saint_nicolas_de_la_grave/04 - CCAP.pdf,.pdf,177355,173.2,acc4a821a3c2eef47e30e3127d7fb86c8469bf09b3db0c55a4322759e56d0d5f
05 - CCTP.pdf,dce_st_nicolas,01_dce_marches_publics/saint_nicolas_de_la_grave,documents_sources/01_dce_marches_publics/saint_nicolas_de_la_grave/05 - CCTP.pdf,.pdf,335828,327.96,99ca19268836db909e62f7e2e07b198a3af13f5927c49221eda29a4e0812c095
06 - BPU.pdf,dce_st_nicolas,01_dce_marches_publics/saint_nicolas_de_la_grave,documents_sources/01_dce_marches_publics/saint_nicolas_de_la_grave/06 - BPU.pdf,.pdf,172027,168.0,587e73b4fd191b6c55fb5b18f0ce15c0074a6efb6c9d8696d71d65e433ebcaac
07 - DQE.pdf,dce_st_nicolas,01_dce_marches_publics/saint_nicolas_de_la_grave,documents_sources/01_dce_marches_publics/saint_nicolas_de_la_grave/07 - DQE.pdf,.pdf,130067,127.02,7c4fb610e0f8f70fd617be6774f29d05b5b9f741c1fa8898baefc969eae68896
08 - Plan Etat des lieux.pdf,dce_st_nicolas,01_dce_marches_publics/saint_nicolas_de_la_grave,documents_sources/01_dce_marches_publics/saint_nicolas_de_la_grave/08 - Plan Etat des lieux.pdf,.pdf,297776,290.8,324bebd32c8a16c5472020d45d826bac995ee5d447de672d0a7b30d8dcfe8d98
09 - Plan voirie - Eaux pluviales.pdf,dce_st_nicolas,01_dce_marches_publics/saint_nicolas_de_la_grave,documents_sources/01_dce_marches_publics/saint_nicolas_de_la_grave/09 - Plan voirie - Eaux pluviales.pdf,.pdf,477278,466.09,10e71292e7d4825eba1c7c9051fae2de2a101e3407199750469ba09d7825da40
10 - Récepissés DT .pdf,dce_st_nicolas,01_dce_marches_publics/saint_nicolas_de_la_grave,documents_sources/01_dce_marches_publics/saint_nicolas_de_la_grave/10 - Récepissés DT .pdf,.pdf,1201914,1173.74,f003de41872d31e5f86b6ed51a9d45c825cfba8d4eb0ee6b974aac174b23a689
20190318_F1106.pdf,rh_pedagogie,06_management_rh_formation,documents_sources/06_management_rh_formation/20190318_F1106.pdf,.pdf,180371,176.14,b379870473b5f33d2b5c1a7bcd05b88b0fef5fd21cac2227f41d44bbef733018
AE.doc,dce_barbazan,01_dce_marches_publics/giratoire_barbazan,documents_sources/01_dce_marches_publics/giratoire_barbazan/AE.doc,.doc,231936,226.5,40a9cf88b9b3da4aeccd396a5f416c37a087f2ee22f05ce24c6cca4ba2daf325
AIPR CORRECTION.xlsx,reglementation_dict_aipr,03_reglementation_dict_aipr_securite,documents_sources/03_reglementation_dict_aipr_securite/AIPR CORRECTION.xlsx,.xlsx,5318519,5193.87,f21a69ccc36c6ac693aa56dcae02fe41d14520adf2f459e3da976ca88d4bcf9c
AUTORISATION DE VOIRIE.pdf,reglementation_dict_aipr,03_reglementation_dict_aipr_securite,documents_sources/03_reglementation_dict_aipr_securite/AUTORISATION DE VOIRIE.pdf,.pdf,788214,769.74,f4377768904993ccdbbbad1ef49e7dd166194a3c558dcd5c6d1e3fe7d66ed66d
Acte d-engagement.pdf,dce_aurouer,01_dce_marches_publics/lotissement_la_croix_pruniaux_aurouer,documents_sources/01_dce_marches_publics/lotissement_la_croix_pruniaux_aurouer/Acte d-engagement.pdf,.pdf,217808,212.7,acc7e5a4955be2152ec4c632ade9070f1df0c73e4e5d068bdff1a5f7679fac61
Arrêté de circulation.pdf,reglementation_dict_aipr,03_reglementation_dict_aipr_securite,documents_sources/03_reglementation_dict_aipr_securite/Arrêté de circulation.pdf,.pdf,1288362,1258.17,209268407a4699e383cbf1b38c400f44a5da9670a8ab079eb0c710eb48bfc745
BORDURE P2.pdf,etude_prix_sdp,02_preparation_etude_prix_sdp,documents_sources/02_preparation_etude_prix_sdp/BORDURE P2.pdf,.pdf,267766,261.49,f73abaaa6306476ec47023b0ab333aa2ce3d07e699adcd4fcbb35ebbae1731fb
BORUDRE P1.pdf,etude_prix_sdp,02_preparation_etude_prix_sdp,documents_sources/02_preparation_etude_prix_sdp/BORUDRE P1.pdf,.pdf,267051,260.79,896ca8461aa1bd548f220b831db226d34c33ba4c834bb23611a7bd62c4a8f7f9
BP.doc,dce_barbazan,01_dce_marches_publics/giratoire_barbazan,documents_sources/01_dce_marches_publics/giratoire_barbazan/BP.doc,.doc,221696,216.5,9e3e3517dcef44bc8ea7e5e3dd8086e5de0f3299f2d208ae6b763bb8726efb4c
BPU LOT1 unique.xls,dce_aurouer,01_dce_marches_publics/lotissement_la_croix_pruniaux_aurouer,documents_sources/01_dce_marches_publics/lotissement_la_croix_pruniaux_aurouer/BPU LOT1 unique.xls,.xls,133632,130.5,8ddbbffe2cae9f8d98e074d92d9bff67023cf8fbbd9e45b440b10a77360c884d
BPU LOT2 unique.xls,dce_aurouer,01_dce_marches_publics/lotissement_la_croix_pruniaux_aurouer,documents_sources/01_dce_marches_publics/lotissement_la_croix_pruniaux_aurouer/BPU LOT2 unique.xls,.xls,56832,55.5,61e7c86a735b4f6031d0ca1bc3bb02c2d42c88fc99ebdfbcb2e5abf78601b761
Bibliothèque  Prix Fournitures.xlsx,etude_prix_sdp,02_preparation_etude_prix_sdp,documents_sources/02_preparation_etude_prix_sdp/Bibliothèque  Prix Fournitures.xlsx,.xlsx,16501,16.11,0e5548ae430132e1d3ddefd3513291b4f12bc24a0ba3a32d208d02390cdaafd2
Bordures et Caniveaux.pdf,etude_prix_sdp,02_preparation_etude_prix_sdp,documents_sources/02_preparation_etude_prix_sdp/Bordures et Caniveaux.pdf,.pdf,5094932,4975.52,8a813110a7c603ba2b7c56a27c8e5707935c0cff3c49fa3cdecae1e8de4f9840
CCAP.pdf,dce_barbazan,01_dce_marches_publics/giratoire_barbazan,documents_sources/01_dce_marches_publics/giratoire_barbazan/CCAP.pdf,.pdf,93970,91.77,29bf93947e633ae8a61a78b06369eea93bfe5ce8b43f9fc5f3f3cf45a829cc01
CCTP LOT1.pdf,dce_aurouer,01_dce_marches_publics/lotissement_la_croix_pruniaux_aurouer,documents_sources/01_dce_marches_publics/lotissement_la_croix_pruniaux_aurouer/CCTP LOT1.pdf,.pdf,160964,157.19,2ec5dfbf1f1a9644c4eff915858b8747bc5e81a71e279ca6d00d7dd2dd0f1549
CCTP.pdf,dce_barbazan,01_dce_marches_publics/giratoire_barbazan,documents_sources/01_dce_marches_publics/giratoire_barbazan/CCTP.pdf,.pdf,308518,301.29,8a4d3751d889235b355be2b3813ae523441e9fe97676c00dca5b105f220a6606
COURS etude de prix 2018.pdf,etude_prix_sdp,02_preparation_etude_prix_sdp,documents_sources/02_preparation_etude_prix_sdp/COURS etude de prix 2018.pdf,.pdf,101197,98.83,0feb1f545eca372a3fefff46b4c5bbf4490cf39597c9b10532c7d58e448e9dd4
Cahier des Clauses Administratives Particulières.pdf,dce_aurouer,01_dce_marches_publics/lotissement_la_croix_pruniaux_aurouer,documents_sources/01_dce_marches_publics/lotissement_la_croix_pruniaux_aurouer/Cahier des Clauses Administratives Particulières.pdf,.pdf,210444,205.51,d391c4dc03d7e469887ae8ee0f9fea0e928d0ad6eed47487d6adafbce81042b0
DDE-ODP-SURPLOMB-SAILLIE-ENSEIGNE.pdf,reglementation_dict_aipr,03_reglementation_dict_aipr_securite,documents_sources/03_reglementation_dict_aipr_securite/DDE-ODP-SURPLOMB-SAILLIE-ENSEIGNE.pdf,.pdf,7874116,7689.57,4e96e5780016b82f2118a3a7eda8b535166aaf521ee871481007d6eb777b6fc6
DE LOT 1 T1.xls,dce_aurouer,01_dce_marches_publics/lotissement_la_croix_pruniaux_aurouer,documents_sources/01_dce_marches_publics/lotissement_la_croix_pruniaux_aurouer/DE LOT 1 T1.xls,.xls,66048,64.5,570f5f33d51e51467e8593b44f05feb0cda9f108a284332c116fdaa833ba631a
DE LOT 1 T2.xls,dce_aurouer,01_dce_marches_publics/lotissement_la_croix_pruniaux_aurouer,documents_sources/01_dce_marches_publics/lotissement_la_croix_pruniaux_aurouer/DE LOT 1 T2.xls,.xls,66048,64.5,ea8c567c353c8f2832f8c3e5b0cec011761ea050176977855a969b4cf83b61f4
DE LOT 2 T1.xls,dce_aurouer,01_dce_marches_publics/lotissement_la_croix_pruniaux_aurouer,documents_sources/01_dce_marches_publics/lotissement_la_croix_pruniaux_aurouer/DE LOT 2 T1.xls,.xls,48128,47.0,a796bcf72ccc7946fd8d735c6593f5bf234b13a6b935bbb24ef2e763c74dd03f
DE LOT 2 T2.xls,dce_aurouer,01_dce_marches_publics/lotissement_la_croix_pruniaux_aurouer,documents_sources/01_dce_marches_publics/lotissement_la_croix_pruniaux_aurouer/DE LOT 2 T2.xls,.xls,47616,46.5,5413bb18fb26838e18ccbeb4e2b678173b5043311570aded739bb17b8db4e960
DESC.pdf,suivi_cr_chantier,04_suivi_execution_comptes_rendus,documents_sources/04_suivi_execution_comptes_rendus/DESC.pdf,.pdf,459215,448.45,a705e635ff00e674843f1223a81cb78fe3cb1220a8654ff14fb8e8dfac44fb33
DESCexpl ss chant I OT 2.6.pdf,suivi_cr_chantier,04_suivi_execution_comptes_rendus,documents_sources/04_suivi_execution_comptes_rendus/DESCexpl ss chant I OT 2.6.pdf,.pdf,165157,161.29,015e9bd33d0deeefd231c2fa9d1cdc5db5253d1363ea081123340feb5ef80d4b
DETAIL-ESTIMATIF.xls,etude_prix_sdp,02_preparation_etude_prix_sdp,documents_sources/02_preparation_etude_prix_sdp/DETAIL-ESTIMATIF.xls,.xls,341504,333.5,99aeb97cfd829b0e90dd1f6dd9cc2c7d5ffb6b6c17d3d7e6fb8c53a1a1a6b9a2
DICT.pdf,reglementation_dict_aipr,03_reglementation_dict_aipr_securite,documents_sources/03_reglementation_dict_aipr_securite/DICT.pdf,.pdf,228098,222.75,8fa2337d4e51c5917337dd91593c5b175858f99b34f116b707d0b326acb5b5a0
DQE VERIF.xls,etude_prix_sdp,02_preparation_etude_prix_sdp,documents_sources/02_preparation_etude_prix_sdp/DQE VERIF.xls,.xls,385536,376.5,dc7431f1ab10f7c542190d0c5ef057776c55132bc0b9b4fa1a0350975a5482ac
Dossier des Ouvrages Exécutés.docx,doe_reception,05_doe_reception_cloture,documents_sources/05_doe_reception_cloture/Dossier des Ouvrages Exécutés.docx,.docx,14791,14.44,de9dfcff081fa8e87e15ac73d4d15160bcbf60365ad8d2d089227d513f37dd09
Equipement 30-05.xlsx,etude_prix_sdp,02_preparation_etude_prix_sdp,documents_sources/02_preparation_etude_prix_sdp/Equipement 30-05.xlsx,.xlsx,32091,31.34,91e027b5acde1ee9fd37e5d43a2b684625105c7ace5476251037c3361a68ddf9
Etude de dossier Giratoire de BARBAZAN   Conduite M4 - L.pdf,dce_barbazan,01_dce_marches_publics/giratoire_barbazan,documents_sources/01_dce_marches_publics/giratoire_barbazan/Etude de dossier Giratoire de BARBAZAN   Conduite M4 - L.pdf,.pdf,115067,112.37,3661bd00f86747f7aa8b5f579f610fb42a36529f8d6088db67c3050a66f09c33
Etude de dossier Lotissement Pruniaux   Préparation M4  2022.pdf,dce_aurouer,01_dce_marches_publics/lotissement_la_croix_pruniaux_aurouer,documents_sources/01_dce_marches_publics/lotissement_la_croix_pruniaux_aurouer/Etude de dossier Lotissement Pruniaux   Préparation M4  2022.pdf,.pdf,105250,102.78,6a24197790bc6616cd6c5c1447735abb28ada456b9017d8944fe875a8d5c837e
GEOPORTAIL.pdf,plans_carto,07_plans_et_cartographie,documents_sources/07_plans_et_cartographie/GEOPORTAIL.pdf,.pdf,1345905,1314.36,c724fa71775043f2b10af3fddfe3f54bc33fb39194017424b27e7a77190a95a2
LOT 2 CCTP.pdf,dce_aurouer,01_dce_marches_publics/lotissement_la_croix_pruniaux_aurouer,documents_sources/01_dce_marches_publics/lotissement_la_croix_pruniaux_aurouer/LOT 2 CCTP.pdf,.pdf,96561,94.3,70e7f1381e9dbecf228b7475842ac208d910f08233df456c88fb83a9b5ff3a70
Notice DICT.pdf,reglementation_dict_aipr,03_reglementation_dict_aipr_securite,documents_sources/03_reglementation_dict_aipr_securite/Notice DICT.pdf,.pdf,193501,188.97,5bd3c5d4551747b735a1be258591355d58d213ea4f151a4e4f6d50cfdccc4387
PLAN-GENERAL-COORDINATION.pdf,plans_carto,07_plans_et_cartographie,documents_sources/07_plans_et_cartographie/PLAN-GENERAL-COORDINATION.pdf,.pdf,231462,226.04,788dda6ad73936b8ffbf77ce1310f97f0bc5a314c324b6df04387a5772b99450
PLAN-MASSE.pdf,plans_carto,07_plans_et_cartographie,documents_sources/07_plans_et_cartographie/PLAN-MASSE.pdf,.pdf,926058,904.35,14fb9fe354a678c34b6ef0311d0f0cfb541d43c8d69b50fa06ec7f4c74433165
PLAN-PHASE- enrobé.pdf,plans_carto,07_plans_et_cartographie,documents_sources/07_plans_et_cartographie/PLAN-PHASE- enrobé.pdf,.pdf,957013,934.58,17d1d6e307482e31291822012064091aa68585b4a626675b86f2ebcdd409837e
PLAN-PHASE- gnt-2.pdf,plans_carto,07_plans_et_cartographie,documents_sources/07_plans_et_cartographie/PLAN-PHASE- gnt-2.pdf,.pdf,898931,877.86,92bce07eaffc69bfdd5b7580bac360b05c3de7d02988e5d364735c6b498382d7
PLAN-PHASE- gnt-3.pdf,plans_carto,07_plans_et_cartographie,documents_sources/07_plans_et_cartographie/PLAN-PHASE- gnt-3.pdf,.pdf,898899,877.83,c33c12e271fca0082a2802a0b9a3d0a535845251257107f1641d5bda4632b9eb
PLAN-PHASE- gnt-4.pdf,plans_carto,07_plans_et_cartographie,documents_sources/07_plans_et_cartographie/PLAN-PHASE- gnt-4.pdf,.pdf,899015,877.94,cfa70143cf2eeec3b33b0086c1814e70b00e6bb7178598536d72835931164e7e
PLAN-PHASE- gnt.pdf,plans_carto,07_plans_et_cartographie,documents_sources/07_plans_et_cartographie/PLAN-PHASE- gnt.pdf,.pdf,899975,878.88,2e9fab72234345866ae8be1acbcf4b58b4b1a141d71e5bcf58170860b0f26ef6
PLAN-PHASE-1 et 2 elargissement voie.pdf,plans_carto,07_plans_et_cartographie,documents_sources/07_plans_et_cartographie/PLAN-PHASE-1 et 2 elargissement voie.pdf,.pdf,899575,878.49,eb31e7e8e18b1a9b16a34f47fb9fbc862d4ce54d4e0dc767d03e87d5f69575ea
PLAN-PHASE-3  création giratoire.pdf,plans_carto,07_plans_et_cartographie,documents_sources/07_plans_et_cartographie/PLAN-PHASE-3  création giratoire.pdf,.pdf,976223,953.34,6eb891509b12e707ed23b7d427107676a2a961d2b38284063ee77b6d0dcf97d7
PLAN-PROFIL-EN-LONG-AXE1.pdf,plans_carto,07_plans_et_cartographie,documents_sources/07_plans_et_cartographie/PLAN-PROFIL-EN-LONG-AXE1.pdf,.pdf,147789,144.33,923a2c2660cbf3a99ba12f81cd26a15c55c2639c1791e024b1883e1ad771f52d
PLAN-PROFIL-EN-LONG-AXE2.pdf,plans_carto,07_plans_et_cartographie,documents_sources/07_plans_et_cartographie/PLAN-PROFIL-EN-LONG-AXE2.pdf,.pdf,148325,144.85,dc730a7de6bb7d50f6ccf0e054a1d6c82217a834257452f492afff081c75e39b
PLAN-PROFIL-EN-LONG-AXE3.pdf,plans_carto,07_plans_et_cartographie,documents_sources/07_plans_et_cartographie/PLAN-PROFIL-EN-LONG-AXE3.pdf,.pdf,147394,143.94,9b8715c071943a932279d42ab260a721ec5a6908de3497914f2ceffe104a180f
PLAN-PROFIL-EN-LONG-AXE4.pdf,plans_carto,07_plans_et_cartographie,documents_sources/07_plans_et_cartographie/PLAN-PROFIL-EN-LONG-AXE4.pdf,.pdf,146601,143.17,8c6ae1bea081c3b64c614b02b66a60c57d1661a07c8c7091dbe25ba4ede6001c
PLAN-PROFIL-EN-LONG-GIRATOIRE.pdf,plans_carto,07_plans_et_cartographie,documents_sources/07_plans_et_cartographie/PLAN-PROFIL-EN-LONG-GIRATOIRE.pdf,.pdf,155856,152.2,84f7eb4de94b754d8876eea77f0cd014f03a357d23a1b7933c6b865010abb1a0
PLAN-PROFILS TYPE.pdf,plans_carto,07_plans_et_cartographie,documents_sources/07_plans_et_cartographie/PLAN-PROFILS TYPE.pdf,.pdf,702341,685.88,b7c41ec4b602d51a8de587e87a60873a24cf3000ddb2e76896004291a65b1987
PLAN-SITUATION.pdf,plans_carto,07_plans_et_cartographie,documents_sources/07_plans_et_cartographie/PLAN-SITUATION.pdf,.pdf,427560,417.54,05104022897e62cef2aa2f65aa7f99033ad39814a669506b3f0830390fa1d983
Page de garde - suivi chantier BARBAZAN.xls,suivi_cr_chantier,04_suivi_execution_comptes_rendus,documents_sources/04_suivi_execution_comptes_rendus/Page de garde - suivi chantier BARBAZAN.xls,.xls,150016,146.5,84028529f29aae0f42f0334e46c9101a29566c81c54684016703d937cead2edd
Page de garde - suivi chantier noe.xls,suivi_cr_chantier,04_suivi_execution_comptes_rendus,documents_sources/04_suivi_execution_comptes_rendus/Page de garde - suivi chantier noe.xls,.xls,150528,147.0,36ebfc129ba0dce0a593a41c5322b69ab019a4b64abe486eab1f115e0cdb6766
Permission  et autorisation de voirie pour travaux.pdf,reglementation_dict_aipr,03_reglementation_dict_aipr_securite,documents_sources/03_reglementation_dict_aipr_securite/Permission  et autorisation de voirie pour travaux.pdf,.pdf,178936,174.74,e36093b06c4468be09b634aee7976d34f647b1f4cab6e71b3bc67f7bec12f073
Plan AEP 500e.pdf,plans_carto,07_plans_et_cartographie,documents_sources/07_plans_et_cartographie/Plan AEP 500e.pdf,.pdf,710987,694.32,8a1e8557ddfbc60ae661103ba6c4417cb96f49d337148c23abe37e6a6ec6e91c
Plan Assainissement  500e.pdf,plans_carto,07_plans_et_cartographie,documents_sources/07_plans_et_cartographie/Plan Assainissement  500e.pdf,.pdf,1510239,1474.84,f49c6bd545f886c79cd8da0c34c0fc7f5d5a2d234c007fe5d74060585ec8ec95
Plan Assainissement bassin ouvert 500e.pdf,plans_carto,07_plans_et_cartographie,documents_sources/07_plans_et_cartographie/Plan Assainissement bassin ouvert 500e.pdf,.pdf,1519842,1484.22,c59a4222dfaec7e5383c2b01af2da401f6f41b6e356c8dc5fabee83a8df95e9d
Plan Voirie 500e.pdf,plans_carto,07_plans_et_cartographie,documents_sources/07_plans_et_cartographie/Plan Voirie 500e.pdf,.pdf,1350460,1318.81,5eacc7c32462f40214760fc57e5940c85c190ed55b19ac4c888e34fe77db9531
Plan de situation.pdf,plans_carto,07_plans_et_cartographie,documents_sources/07_plans_et_cartographie/Plan de situation.pdf,.pdf,3137155,3063.63,921c32bb6bdbdaf3b29e037d0d5abd1f938d299b39ccb9123df91a73c993792e
QCM AIPR Encadrant.xls,reglementation_dict_aipr,03_reglementation_dict_aipr_securite,documents_sources/03_reglementation_dict_aipr_securite/QCM AIPR Encadrant.xls,.xls,5308753,5184.33,e18e8e5ae3024e440cae5ce2559b756f9fc60255b76fdd783a6561d683659a3b
REGLEMENT-CONSULTATION.pdf,dce_barbazan,01_dce_marches_publics/giratoire_barbazan,documents_sources/01_dce_marches_publics/giratoire_barbazan/REGLEMENT-CONSULTATION.pdf,.pdf,68237,66.64,e15ff6a3b90fe0e4ac331c0d11520f7e74b9fb23c9ef43467ca21d7c1a69a70b
Recours Barbazan.pdf,suivi_cr_chantier,04_suivi_execution_comptes_rendus,documents_sources/04_suivi_execution_comptes_rendus/Recours Barbazan.pdf,.pdf,187230,182.84,e63ffb472dd4b9cecc7d78a26d0095e16ff0876f3c05ff80fff504b74361a5e1
Réglement de consultation.pdf,dce_aurouer,01_dce_marches_publics/lotissement_la_croix_pruniaux_aurouer,documents_sources/01_dce_marches_publics/lotissement_la_croix_pruniaux_aurouer/Réglement de consultation.pdf,.pdf,198512,193.86,bcb5533fdb7033340848307a23f595a14eacf915e701c0f5e848044661774e74
SDP TX.xls,etude_prix_sdp,02_preparation_etude_prix_sdp,documents_sources/02_preparation_etude_prix_sdp/SDP TX.xls,.xls,1064960,1040.0,5323fac19eece7d95de81e5884e06a0a45d692cd4763ed98ea01cce9fadf06a1
SDP terrassement & voirie.pdf,etude_prix_sdp,02_preparation_etude_prix_sdp,documents_sources/02_preparation_etude_prix_sdp/SDP terrassement & voirie.pdf,.pdf,444538,434.12,2cb03cd90af0615ab9922a889867ddad8d77f00925dced060514c6f7d53b3435
SIGNALISATION TEMPORAIRE DES CHANTIERS 1.ppt,reglementation_dict_aipr,03_reglementation_dict_aipr_securite,documents_sources/03_reglementation_dict_aipr_securite/SIGNALISATION TEMPORAIRE DES CHANTIERS 1.ppt,.ppt,5974528,5834.5,b041e211bd67028419990b63cec24e20549588278a553df83098e33ded89f791
SIGNALISATION TEMPORAIRE DES CHANTIERS 2.ppt,reglementation_dict_aipr,03_reglementation_dict_aipr_securite,documents_sources/03_reglementation_dict_aipr_securite/SIGNALISATION TEMPORAIRE DES CHANTIERS 2.ppt,.ppt,1341440,1310.0,6139bc389cfefb6a0d5be8a3ec48c95e877e4d9db1f7e3a5a501bad67f0d01b8
SIGNALISATION TEMPORAIRE DEVIATIONS.ppt,reglementation_dict_aipr,03_reglementation_dict_aipr_securite,documents_sources/03_reglementation_dict_aipr_securite/SIGNALISATION TEMPORAIRE DEVIATIONS.ppt,.ppt,945152,923.0,0f5aea1342df1cbe0312b82eaa776a88342cef42f02c0d76b8f34f2e2f2c3cc0
SOMMAIRE-DCE.pdf,dce_barbazan,01_dce_marches_publics/giratoire_barbazan,documents_sources/01_dce_marches_publics/giratoire_barbazan/SOMMAIRE-DCE.pdf,.pdf,25833,25.23,c6e231e1f8cf5a608de32af188f2f7e94a9695fbde7ab8b8927a3821cd13008d
Signalisation OPPBTP.pdf,reglementation_dict_aipr,03_reglementation_dict_aipr_securite,documents_sources/03_reglementation_dict_aipr_securite/Signalisation OPPBTP.pdf,.pdf,5448398,5320.7,8614c86a2cc17ef3e91d712ba9e26ea98b0f540524894fff272949a2ada9e4ea
UN MÉMOIRE TECHNIQUE.pdf,etude_prix_sdp,02_preparation_etude_prix_sdp,documents_sources/02_preparation_etude_prix_sdp/UN MÉMOIRE TECHNIQUE.pdf,.pdf,144305,140.92,a8b8213e3627c316c7e7d59a432dce1080500e0a646086a9cc6305c93a2e1c76
aipr test complet.xlsx,reglementation_dict_aipr,03_reglementation_dict_aipr_securite,documents_sources/03_reglementation_dict_aipr_securite/aipr test complet.xlsx,.xlsx,6432853,6282.08,3e01e0bb73db9b853b545fce0da36141aec615ae9a7e7a04acd87aa68afcd8e6
aipr test result.png,reglementation_dict_aipr,03_reglementation_dict_aipr_securite,documents_sources/03_reglementation_dict_aipr_securite/aipr test result.png,.png,94384,92.17,2d993c8ca70ac52c0bf629d3151d525ccc591132ad48621b6b4729e843cd75e3
arrachage arbre.pdf,etude_prix_sdp,02_preparation_etude_prix_sdp,documents_sources/02_preparation_etude_prix_sdp/arrachage arbre.pdf,.pdf,266181,259.94,6bc76270f5d5527b6d96fa0c21c37b193ffd3724f42e8940f630550760470e5d
bordure CC1.pdf,etude_prix_sdp,02_preparation_etude_prix_sdp,documents_sources/02_preparation_etude_prix_sdp/bordure CC1.pdf,.pdf,267026,260.77,85fc80c8d5ea1b0a5be2cd3a3014c0e060efdbdd7d3901fc31a025a0eb8de9d1
bordure I1.pdf,etude_prix_sdp,02_preparation_etude_prix_sdp,documents_sources/02_preparation_etude_prix_sdp/bordure I1.pdf,.pdf,268021,261.74,fb518b9579c29891d602330ffdf2154d76cac606dbeb43b8ffce80d95b70b34d
bordure I2.pdf,etude_prix_sdp,02_preparation_etude_prix_sdp,documents_sources/02_preparation_etude_prix_sdp/bordure I2.pdf,.pdf,266904,260.65,31a0197ba07ae9442e55cc4fb21a841031f2029ae098a37ad43c7b1202b83f12
brochure_entreprises dict.pdf,reglementation_dict_aipr,03_reglementation_dict_aipr_securite,documents_sources/03_reglementation_dict_aipr_securite/brochure_entreprises dict.pdf,.pdf,488989,477.53,0a303385ea8e4149661c6ee1e771dd3c53d3c2b7b3dc8f69a4823010a52eacd9
cerfa_14023-01.pdf,reglementation_dict_aipr,03_reglementation_dict_aipr_securite,documents_sources/03_reglementation_dict_aipr_securite/cerfa_14023-01.pdf,.pdf,178633,174.45,427a33eebf10159d9ed4f43c798f89e74d6a903d90b9d8fc272419eae86d4f71
cerfa_14024-01.pdf,reglementation_dict_aipr,03_reglementation_dict_aipr_securite,documents_sources/03_reglementation_dict_aipr_securite/cerfa_14024-01.pdf,.pdf,701026,684.6,adbb89f25616f011e08f53822b4d3986785cb886515465456c1690ab3be73853
cerfa_14434 Dict.pdf,reglementation_dict_aipr,03_reglementation_dict_aipr_securite,documents_sources/03_reglementation_dict_aipr_securite/cerfa_14434 Dict.pdf,.pdf,237808,232.23,b9c4d2f2e27ecae81c4d33f6a6d6da7dbdc959131e58a3502f4f4b3afe84c93d
compte-rendu_n°1.pdf,suivi_cr_chantier,04_suivi_execution_comptes_rendus,documents_sources/04_suivi_execution_comptes_rendus/compte-rendu_n°1.pdf,.pdf,137525,134.3,371009a6f3df09c99478f782d7290ed3a409b875eea03981f07a4727da51da1d
compte-rendu_n°2.pdf,suivi_cr_chantier,04_suivi_execution_comptes_rendus,documents_sources/04_suivi_execution_comptes_rendus/compte-rendu_n°2.pdf,.pdf,226573,221.26,732ecc874fe0f344494707f191b09ad617f1a559e2ec9fe74068ba82d3344a10
compte-rendu_n°3.pdf,suivi_cr_chantier,04_suivi_execution_comptes_rendus,documents_sources/04_suivi_execution_comptes_rendus/compte-rendu_n°3.pdf,.pdf,140018,136.74,b9f6e569cc4b8b0781e5e3f83f1c7cec4c6775b215b634326c24fc1d9006cd50
compte-rendu_n°4.pdf,suivi_cr_chantier,04_suivi_execution_comptes_rendus,documents_sources/04_suivi_execution_comptes_rendus/compte-rendu_n°4.pdf,.pdf,191977,187.48,6751bd4c92b60ecc7d515a74bf873569a7d211ecafd3a4ac8df569568e44450d
compte-rendu_n°5.pdf,suivi_cr_chantier,04_suivi_execution_comptes_rendus,documents_sources/04_suivi_execution_comptes_rendus/compte-rendu_n°5.pdf,.pdf,194828,190.26,a9ebf5ed991659fb998d6d4b35078b3c9b6a2a2f2e70e7d4941cb35da8f3a503
compte-rendu_n°6.pdf,suivi_cr_chantier,04_suivi_execution_comptes_rendus,documents_sources/04_suivi_execution_comptes_rendus/compte-rendu_n°6.pdf,.pdf,157286,153.6,54a2fd0040eb9d0a8e584a7208b0e1a5821d8534b0a1e7f5863f5eb197784d17
compte-rendu_n°7.pdf,suivi_cr_chantier,04_suivi_execution_comptes_rendus,documents_sources/04_suivi_execution_comptes_rendus/compte-rendu_n°7.pdf,.pdf,145864,142.45,0432260eb937feb90ef6c205928864eda473cd5ffef1245574b3acc69204955c
compte-rendu_n°9.pdf,suivi_cr_chantier,04_suivi_execution_comptes_rendus,documents_sources/04_suivi_execution_comptes_rendus/compte-rendu_n°9.pdf,.pdf,150655,147.12,85eaf6e58f54213491d4e522713f54173ebebe7206c260234983d124f32fae2c
confection surface en galet maconne giratoire.pdf,etude_prix_sdp,02_preparation_etude_prix_sdp,documents_sources/02_preparation_etude_prix_sdp/confection surface en galet maconne giratoire.pdf,.pdf,266438,260.19,1f9b6d10ad50700dc78775501c2750487e4c0d2be3cf45f0b5471ea6ba71f33c
couche de fondation.pdf,etude_prix_sdp,02_preparation_etude_prix_sdp,documents_sources/02_preparation_etude_prix_sdp/couche de fondation.pdf,.pdf,266316,260.07,f0823fca81cc58e3227e8cb997e741c4443dc966d9a7156d291c7299e1e461db
couche de reprofilage.pdf,etude_prix_sdp,02_preparation_etude_prix_sdp,documents_sources/02_preparation_etude_prix_sdp/couche de reprofilage.pdf,.pdf,266619,260.37,942c50925dbb676e1a383befa2c81e5c3cfc42f605f64505d827a3db7a993c87
couche de roulement.pdf,etude_prix_sdp,02_preparation_etude_prix_sdp,documents_sources/02_preparation_etude_prix_sdp/couche de roulement.pdf,.pdf,265282,259.06,78f927e94d8148493c715bb4a10ee36b3945ab391f0e3d00df5a33f2721d49c5
couche de réglage.pdf,etude_prix_sdp,02_preparation_etude_prix_sdp,documents_sources/02_preparation_etude_prix_sdp/couche de réglage.pdf,.pdf,266319,260.08,30906274fda110e41094a67a32de0af8d24caad4ed18eb225f1460bc118c8dfa
couches-chaussee-différente couche 2.jpg,plans_carto,07_plans_et_cartographie,documents_sources/07_plans_et_cartographie/couches-chaussee-différente couche 2.jpg,.jpg,153478,149.88,169d9ca2cdb10c95d73f65ecb752bcd12cd0486e16ea4e8671f7035725f2a147
couches-chaussee-différente couche.jpg,plans_carto,07_plans_et_cartographie,documents_sources/07_plans_et_cartographie/couches-chaussee-différente couche.jpg,.jpg,51389,50.18,34a2a0d76a42720ef094387f166522f94ae147e140c8e56c6366dd9ca38cc3d2
courrier-signalisation.pdf,reglementation_dict_aipr,03_reglementation_dict_aipr_securite,documents_sources/03_reglementation_dict_aipr_securite/courrier-signalisation.pdf,.pdf,33281,32.5,b26c6791c49fa357e0db68206c8f7346c8250c99b0cab78e440fdef79bddbdec
cunette.pdf,etude_prix_sdp,02_preparation_etude_prix_sdp,documents_sources/02_preparation_etude_prix_sdp/cunette.pdf,.pdf,266537,260.29,076dbe2ef3e39a71f0d8df526dc01b18f0062803140327952a6cf09ca5fd08f6
dc4mod2007.rtf,dce_formulaires,01_dce_marches_publics/formulaires_marches,documents_sources/01_dce_marches_publics/formulaires_marches/dc4mod2007.rtf,.rtf,111851,109.23,5a23ac8a36801faf71d00b0dc4ce5aedf1c060cbe732b10774c5a50c8bac9abf
dc5mod2007.rtf,dce_formulaires,01_dce_marches_publics/formulaires_marches,documents_sources/01_dce_marches_publics/formulaires_marches/dc5mod2007.rtf,.rtf,155419,151.78,4b522b91c6a3c0a410cbfad499953dc4172c7ad7e6428b08ce60be18d881ae36
demo decoupe chaussé.pdf,etude_prix_sdp,02_preparation_etude_prix_sdp,documents_sources/02_preparation_etude_prix_sdp/demo decoupe chaussé.pdf,.pdf,265243,259.03,46f1611b1403fb974d4976da145a1c3ce2ac1b1454ed9b626076d4c8bb8709a4
doe.pdf,doe_reception,05_doe_reception_cloture,documents_sources/05_doe_reception_cloture/doe.pdf,.pdf,190466,186.0,36fb9341f6cf23080e3a747e1ae7b2601d0c3070b0cccf60dbcf01cab47715b0
décapage terre végé.pdf,etude_prix_sdp,02_preparation_etude_prix_sdp,documents_sources/02_preparation_etude_prix_sdp/décapage terre végé.pdf,.pdf,265101,258.89,d220601ff2c3a4ed71be6e91175c7247944d99a834263961f9202b2c8400924d
démolition trottoir ilot.pdf,etude_prix_sdp,02_preparation_etude_prix_sdp,documents_sources/02_preparation_etude_prix_sdp/démolition trottoir ilot.pdf,.pdf,264930,258.72,aa5010cafa1c133725f47319fa4c8516cdec953ea1b92444c6ee8d3e8ef2d7d7
enedis demande Dict.pdf,reglementation_dict_aipr,03_reglementation_dict_aipr_securite,documents_sources/03_reglementation_dict_aipr_securite/enedis demande Dict.pdf,.pdf,229477,224.1,5c43db16ee68e7024e10029b92d5be780a3acbed8d6bd1c132f933663cf2a09b
enedis.pdf,reglementation_dict_aipr,03_reglementation_dict_aipr_securite,documents_sources/03_reglementation_dict_aipr_securite/enedis.pdf,.pdf,228182,222.83,98556ef291cb0536f05d0155679c593cb30491456f2056a34d8400a45ff4b6ec
fiche de tache Exemple bassin.xlsx,etude_prix_sdp,02_preparation_etude_prix_sdp,documents_sources/02_preparation_etude_prix_sdp/fiche de tache Exemple bassin.xlsx,.xlsx,37122,36.25,3824262467953554727c3ee7407bdf78e88d043f91453a99fb44e086c3b03c0d
fiche de tache NOE.xlsx,etude_prix_sdp,02_preparation_etude_prix_sdp,documents_sources/02_preparation_etude_prix_sdp/fiche de tache NOE.xlsx,.xlsx,394276,385.04,005ee5a67815a8979dc689f2f91037a814e6b766cbfe2ad4b2ae1dd47febbf12
fiche de tache barbazan.xlsx,etude_prix_sdp,02_preparation_etude_prix_sdp,documents_sources/02_preparation_etude_prix_sdp/fiche de tache barbazan.xlsx,.xlsx,168625,164.67,b8721017a32cb1635179bff745fbbdf70eeb9863b6f0d1b74baa4df77a78cda6
fntp_journalkitpedago2015_v8.pdf,rh_pedagogie,06_management_rh_formation,documents_sources/06_management_rh_formation/fntp_journalkitpedago2015_v8.pdf,.pdf,4465638,4360.97,f42038f38bb3c8a2e6b8cff28ef5c3403ac04f15d1ae1e56833b5cd51345e354
glisière.pdf,etude_prix_sdp,02_preparation_etude_prix_sdp,documents_sources/02_preparation_etude_prix_sdp/glisière.pdf,.pdf,264258,258.06,1d81602c350caa00236339f078e1d56bd65730c92b9c415e53542b980eb9eb86
ilot en béton et galet de garonne.pdf,etude_prix_sdp,02_preparation_etude_prix_sdp,documents_sources/02_preparation_etude_prix_sdp/ilot en béton et galet de garonne.pdf,.pdf,266517,260.27,ea8d016a3b8baff424bf98e4b4b170e8246c297dd86509e9ee5032786c122c73
invitation-première_reunion.pdf,suivi_cr_chantier,04_suivi_execution_comptes_rendus,documents_sources/04_suivi_execution_comptes_rendus/invitation-première_reunion.pdf,.pdf,280102,273.54,0bdf2de889b69c3f1adc21e5df38a361a1b3ab54166bdcc088fc275256653fde
janolene Ø110.pdf,etude_prix_sdp,02_preparation_etude_prix_sdp,documents_sources/02_preparation_etude_prix_sdp/janolene Ø110.pdf,.pdf,267520,261.25,e354a10ad6bd6097019a9568c907158131c4e051b1a53dafebc1d3a148791a69
logo stagiaire tp.JPG,rh_pedagogie,06_management_rh_formation,documents_sources/06_management_rh_formation/logo stagiaire tp.JPG,.jpg,94029,91.83,2ce859ab28607b9ea3895b134a43277c57453442fa8ac287d319c28f78380600
lordre-de-service.pdf,suivi_cr_chantier,04_suivi_execution_comptes_rendus,documents_sources/04_suivi_execution_comptes_rendus/lordre-de-service.pdf,.pdf,131461,128.38,6457fabdf28c2d294eb5bca57fe5db1deeb55455406917f8f5ac3294bc6c900a
lotissement la croix pruniau  03460 aurouer 2021 fps.pdf,dce_aurouer,01_dce_marches_publics/lotissement_la_croix_pruniaux_aurouer,documents_sources/01_dce_marches_publics/lotissement_la_croix_pruniaux_aurouer/lotissement la croix pruniau  03460 aurouer 2021 fps.pdf,.pdf,10112028,9875.03,053087f2d875d8afb6445b5c2f53d07f57928fda49f7c15c9e3b76ed5f3a418a
memoire justificatif Giratoire.doc,dce_barbazan,01_dce_marches_publics/giratoire_barbazan,documents_sources/01_dce_marches_publics/giratoire_barbazan/memoire justificatif Giratoire.doc,.doc,11325952,11060.5,5a69ee64238b84a4654b1b379c8e80274266da8d30ffb27771c8d5cba2bc2307
mémoire technique v1.pdf,dce_barbazan,01_dce_marches_publics/giratoire_barbazan,documents_sources/01_dce_marches_publics/giratoire_barbazan/mémoire technique v1.pdf,.pdf,864524,844.26,a3ad7090973887b4f7bf5ce6c70bffc5c6db36810e615c64e1823ef8b42c3c0c
métré.xlsx,etude_prix_sdp,02_preparation_etude_prix_sdp,documents_sources/02_preparation_etude_prix_sdp/métré.xlsx,.xlsx,8825938,8619.08,ea858a6a11613c668aad3354cbf0d1c4cd2b468427e4bfb2ce307ef31dbebdd9
notice_51404#01.pdf,reglementation_dict_aipr,03_reglementation_dict_aipr_securite,documents_sources/03_reglementation_dict_aipr_securite/notice_51404#01.pdf,.pdf,101956,99.57,59482ea0d1b1794bc4d0fa5a2087eb61bed101b1e25c4bb22e72f1b253c9032c
notice_51406#01.pdf,reglementation_dict_aipr,03_reglementation_dict_aipr_securite,documents_sources/03_reglementation_dict_aipr_securite/notice_51406#01.pdf,.pdf,102957,100.54,d9e74cf1baba4140cd1e7ca28a1f3fc002ee8157b0d8dd1dc97f5aef81dd3db1
objectif PAE2.pdf,rh_pedagogie,06_management_rh_formation,documents_sources/06_management_rh_formation/objectif PAE2.pdf,.pdf,116749,114.01,7aaba1e25f81e81b5ae20d8e6e234676161db7b61b9b67d352e432440130b1a9
ordre de service.pdf,suivi_cr_chantier,04_suivi_execution_comptes_rendus,documents_sources/04_suivi_execution_comptes_rendus/ordre de service.pdf,.pdf,77396,75.58,0908d2e2aa40d8f58279a6123e50fa8a58e846844de306f5025eef14dbcca11c
plan de situation 10000.pdf,plans_carto,07_plans_et_cartographie,documents_sources/07_plans_et_cartographie/plan de situation 10000.pdf,.pdf,787509,769.05,fb5ef1c10d8bbe9fa61c7fa6fda86ccf9d87a7735a03eb2ce654c61836a2a68d
planning BARBAZAN (Enregistré automatiquement).pdf,suivi_cr_chantier,04_suivi_execution_comptes_rendus,documents_sources/04_suivi_execution_comptes_rendus/planning BARBAZAN (Enregistré automatiquement).pdf,.pdf,600714,586.63,083e58f188b71941cf419febc88fa9cb65783fe14b78f3a3f1b23ccd28018f67
planning BARBAZAN.xls,suivi_cr_chantier,04_suivi_execution_comptes_rendus,documents_sources/04_suivi_execution_comptes_rendus/planning BARBAZAN.xls,.xls,111616,109.0,7ad16c6c62ab46b4b64f18547038716f5293f92b9da9717844c7eed649d7a0bc
pvc Ø300.pdf,etude_prix_sdp,02_preparation_etude_prix_sdp,documents_sources/02_preparation_etude_prix_sdp/pvc Ø300.pdf,.pdf,266060,259.82,77e657553fa759137fc096f42eac1acdefbd629274428aefd38bc8d479770da4
rabotage.pdf,etude_prix_sdp,02_preparation_etude_prix_sdp,documents_sources/02_preparation_etude_prix_sdp/rabotage.pdf,.pdf,264535,258.33,fea3ce51bd73e410d6ea6beda6c51ca7707cacc8e56f5be9235fcadaa384f112
regard 40x40.pdf,etude_prix_sdp,02_preparation_etude_prix_sdp,documents_sources/02_preparation_etude_prix_sdp/regard 40x40.pdf,.pdf,266860,260.61,b85e18440c85ebf49f04a3c08dee76dfcc11f9c518e06dae0da5a9d27a3c856d
remblai d'apport.pdf,etude_prix_sdp,02_preparation_etude_prix_sdp,documents_sources/02_preparation_etude_prix_sdp/remblai d'apport.pdf,.pdf,266455,260.21,b01f87b3c87b74fd8d1b89e9f29720ed7762bede041e45418bcc0805d9fcdc05
remplissage ilot en béton.pdf,etude_prix_sdp,02_preparation_etude_prix_sdp,documents_sources/02_preparation_etude_prix_sdp/remplissage ilot en béton.pdf,.pdf,266046,259.81,5fce6dccc0fb8e59a23f7847ae49af90c52fc303994b23a4f0c158d51cab5ce9
reprise terre végétale.pdf,etude_prix_sdp,02_preparation_etude_prix_sdp,documents_sources/02_preparation_etude_prix_sdp/reprise terre végétale.pdf,.pdf,265639,259.41,859a608bf680fb914dd10c0028d314b3e0181b54d75372c15eeb96e3d2124938
salaire_minima_hierarchiques_occitanie_2022_0.pdf,rh_pedagogie,06_management_rh_formation,documents_sources/06_management_rh_formation/salaire_minima_hierarchiques_occitanie_2022_0.pdf,.pdf,385801,376.76,7998d31f6c2bd73f678383268c4b7450862a976e30c6fb87297ddcbaffd8afa0
satellite 85.PNG,plans_carto,07_plans_et_cartographie,documents_sources/07_plans_et_cartographie/satellite 85.PNG,.png,2955617,2886.34,983f01fd53fd5aec4c5f8241ce1336c20dc278d6cf86b90880913ad0ac1daf02
satellite.PNG,plans_carto,07_plans_et_cartographie,documents_sources/07_plans_et_cartographie/satellite.PNG,.png,4195148,4096.82,c894f85cdc5a91f4842b8cbbb4cbc0f387f9784fd50925a6b3899f33852d67a5
sciage chaussée.pdf,etude_prix_sdp,02_preparation_etude_prix_sdp,documents_sources/02_preparation_etude_prix_sdp/sciage chaussée.pdf,.pdf,265066,258.85,30cd092404400a16045c3a4b79dd62f60fe1c2b09df4ac089857f238809098df
sivom.pdf,reglementation_dict_aipr,03_reglementation_dict_aipr_securite,documents_sources/03_reglementation_dict_aipr_securite/sivom.pdf,.pdf,228185,222.84,5ee2639a2edf979cb8a15c1b9bd9061d0423749da37a7c6fc5300063ed23bd0e
standard-interne-doe.pdf,doe_reception,05_doe_reception_cloture,documents_sources/05_doe_reception_cloture/standard-interne-doe.pdf,.pdf,1729380,1688.85,e074b28d157e48499f2a11e4d58ca14675ead1c0eab227b9a36a09c1ab6cd9fc
streetview.PNG,plans_carto,07_plans_et_cartographie,documents_sources/07_plans_et_cartographie/streetview.PNG,.png,2999477,2929.18,aaa28090ea2cb61a8f92285f1fdad4f22328f12fe230c55abf9a51d8ddfb684a
tableau recap 30-05.xlsx,etude_prix_sdp,02_preparation_etude_prix_sdp,documents_sources/02_preparation_etude_prix_sdp/tableau recap 30-05.xlsx,.xlsx,14406,14.07,263f4f72b89b3fca797d6ad4c59177a0ad0e6819cfad11f91caf8a1dce92fb82
tableau_reclassement_ETAM.pdf,rh_pedagogie,06_management_rh_formation,documents_sources/06_management_rh_formation/tableau_reclassement_ETAM.pdf,.pdf,52265,51.04,f01aba84a1ed91d1f72c7e1dfbd4acd0091047a03a25ec090147cfd153c50b26
telecom.pdf,reglementation_dict_aipr,03_reglementation_dict_aipr_securite,documents_sources/03_reglementation_dict_aipr_securite/telecom.pdf,.pdf,228241,222.89,f4800d8e88fc186204fe2e398e9459ec61308e79fe15ec5c3e843dce738e674c
trottoir béton.pdf,etude_prix_sdp,02_preparation_etude_prix_sdp,documents_sources/02_preparation_etude_prix_sdp/trottoir béton.pdf,.pdf,266721,260.47,a51956c5f2d81ceb5113bca71e205cbe984f0856119130549b4b5db8cf4a0f63
